{"LYS": {"N": 1.064516129032258, "CA": 1.0, "C": 0.0, "O": 0.0, "CB": 2.0, "CG": 2.0, "CD": 2.0, "CE": 2.0, "NZ": 3.0}, "VAL": {"N": 1.0, "CA": 1.0, "C": 0.0, "O": 0.0, "CB": 1.0, "CG1": 3.0, "CG2": 3.0}, "PHE": {"N": 1.0, "CA": 1.0, "C": 0.0, "O": 0.0, "CB": 2.0, "CG": 0.0, "CD1": 1.0, "CD2": 1.0, "CE1": 1.0, "CE2": 1.0, "CZ": 1.0}, "GLY": {"N": 0.9824561403508771, "CA": 2.0, "C": 0.0, "O": 0.0}, "ARG": {"N": 1.0, "CA": 1.0, "C": 0.0, "O": 0.0, "CB": 2.0, "CG": 2.0, "CD": 2.0, "NE": 1.0, "CZ": 0.0, "NH1": 2.0, "NH2": 2.0}, "CYS": {"N": 1.0, "CA": 1.0, "C": 0.0, "O": 0.0, "CB": 2.0, "SG": 0.1111111111111111}, "GLU": {"N": 1.0, "CA": 1.0, "C": 0.0, "O": 0.0, "CB": 2.0, "CG": 2.0, "CD": 0.0, "OE1": 0.0, "OE2": 0.0, "OXT": 0.0}, "LEU": {"N": 1.0, "CA": 1.0, "C": 0.0, "O": 0.0, "CB": 2.0, "CG": 1.0, "CD1": 3.0, "CD2": 3.0, "OXT": 0.0}, "ALA": {"N": 1.0166666666666666, "CA": 1.0, "C": 0.0, "O": 0.0, "CB": 3.0}, "MET": {"N": 1.0, "CA": 1.0, "C": 0.0, "O": 0.0, "CB": 2.0, "CG": 2.0, "SD": 0.0, "CE": 3.0}, "HIS": {"N": 1.0, "CA": 1.0, "C": 0.0, "O": 0.0, "CB": 2.0, "CG": 0.0, "ND1": 0.0, "CD2": 1.0, "CE1": 1.0, "NE2": 0.0}, "ASP": {"N": 1.0, "CA": 1.0, "C": 0.0, "O": 0.0, "CB": 2.0, "CG": 0.0, "OD1": 0.0, "OD2": 0.0}, "ASN": {"N": 1.0, "CA": 1.0, "C": 0.0, "O": 0.0, "CB": 2.0, "CG": 0.0, "OD1": 0.0, "ND2": 2.0}, "TYR": {"N": 1.0, "CA": 1.0, "C": 0.0, "O": 0.0, "CB": 2.0, "CG": 0.0, "CD1": 1.0, "CD2": 1.0, "CE1": 1.0, "CE2": 1.0, "CZ": 0.0, "OH": 1.0}, "SER": {"N": 1.0465116279069768, "CA": 1.0, "C": 0.0, "O": 0.0, "CB": 1.8666666666666667, "OG": 1.1111111111111112}, "TRP": {"N": 1.0, "CA": 1.0, "C": 0.0, "O": 0.0, "CB": 2.0, "CG": 0.0, "CD1": 1.0, "CD2": 0.0, "NE1": 1.0, "CE2": 0.0, "CE3": 1.0, "CZ2": 1.0, "CZ3": 1.0, "CH2": 1.0}, "THR": {"N": 1.0, "CA": 1.0, "C": 0.0, "O": 0.0, "CB": 0.9487179487179487, "OG1": 1.0512820512820513, "CG2": 3.0}, "GLN": {"N": 1.0, "CA": 1.0, "C": 0.0, "O": 0.0, "CB": 2.0, "CG": 2.0, "CD": 0.0, "OE1": 0.0, "NE2": 2.0}, "ILE": {"N": 1.0, "CA": 1.0, "C": 0.0, "O": 0.0, "CB": 1.0, "CG1": 2.0, "CG2": 3.0, "CD1": 3.0}, "PRO": {"N": 0.0, "CA": 1.0, "C": 0.0, "O": 0.0, "CB": 2.0, "CG": 2.0, "CD": 2.0}, "GLC": {"C1": 0.0, "C2": 0.0, "C3": 0.0, "C4": 0.0, "C5": 0.0, "C6": 0.0, "O2": 0.0, "O3": 0.0, "O4": 0.0, "O5": 0.0, "O6": 0.0}, "BGC": {"C2": 0.0, "C3": 0.0, "C4": 0.0, "C5": 0.0, "C6": 0.0, "C1": 0.0, "O1": 0.0, "O2": 0.0, "O3": 0.0, "O4": 0.0, "O5": 0.0, "O6": 0.0}, "MTT": {"O14": 0.0, "C14": 0.0, "C13": 0.0, "O13": 0.0, "C12": 0.0, "O12": 0.0, "C11": 0.0, "C15": 0.0, "O15": 0.0, "C16": 0.0, "O16": 0.0, "O24": 0.0, "C24": 0.0, "C23": 0.0, "O23": 0.0, "C22": 0.0, "O22": 0.0, "C21": 0.0, "C25": 0.0, "O25": 0.0, "C26": 0.0, "O26": 0.0, "O34": 0.0, "C34": 0.0, "C33": 0.0, "O33": 0.0, "C32": 0.0, "O32": 0.0, "C31": 0.0, "C35": 0.0, "O35": 0.0, "C36": 0.0, "O36": 0.0, "O44": 0.0, "C44": 0.0, "C43": 0.0, "O43": 0.0, "C42": 0.0, "O42": 0.0, "C41": 0.0, "O41": 0.0, "C45": 0.0, "O45": 0.0, "C46": 0.0, "O46": 0.0}, "EDO": {"C1": 0.0, "O1": 0.0, "C2": 0.0, "O2": 0.0}, " NA": {"NA": 0.0}, "PO4": {"P": 0.0, "O1": 0.0, "O2": 0.0, "O3": 0.0, "O4": 0.0}, "GOL": {"C1": 0.0, "O1": 0.0, "C2": 0.0, "O2": 0.0, "C3": 0.0, "O3": 0.0}, "HOH": {"O": 0.0}}