{"H": 1.42236, "C": 1.31323, "N": 1.08285, "O": 1.21825}