{"LYS": {"N": 1.7282933121326995, "CA": 1.5582496759205806, "C": 0.0, "O": 0.0, "CB": 1.5353751885486113, "CG": 1.543520073236066, "CD": 1.5647516347664168, "CE": 1.5997730212202672, "NZ": 2.168503739634388}, "VAL": {"N": 1.9204270257541645, "CA": 1.717186140037155, "C": 0.0, "O": 0.0, "CB": 1.7264245776577383, "CG1": 1.7421390199502504, "CG2": 1.7400976307987441}, "PHE": {"N": 1.8990870378794906, "CA": 1.6931581839622636, "C": 0.0, "O": 0.0, "CB": 1.7107337295353462, "CG": 0.0, "CD1": 1.5520764357431305, "CD2": 1.5651132514118051, "CE1": 1.582388815581916, "CE2": 1.593158199198662, "CZ": 1.6038614414613366}, "GLY": {"N": 1.8806409499043362, "CA": 1.7191003529064237, "C": 0.0, "O": 0.0}, "ARG": {"N": 1.9118291179461107, "CA": 1.7064532392877787, "C": 0.0, "O": 0.0, "CB": 1.6934953559440862, "CG": 1.6995570768077712, "CD": 1.6847766712395695, "NE": 2.0489923102289533, "CZ": 0.0, "NH1": 2.132648663122748, "NH2": 2.248463599634679}, "CYS": {"N": 1.5580384782110088, "CA": 1.3924002561202766, "C": 0.0, "O": 0.0, "CB": 1.3838119173713446, "SG": 0.22570259684865512}, "GLU": {"N": 1.7638795414260888, "CA": 1.585924317183981, "C": 0.0, "O": 0.0, "CB": 1.556763098123356, "CG": 1.5651920027103132, "CD": 0.0, "OE1": 0.0, "OE2": 0.0, "OXT": 0.0}, "LEU": {"N": 1.893637820377748, "CA": 1.6903629339957504, "C": 0.0, "O": 0.0, "CB": 1.7110315112232137, "CG": 1.7005304294604038, "CD1": 1.7346569754954804, "CD2": 1.732403944804273, "OXT": 0.0}, "ALA": {"N": 1.992061742204314, "CA": 1.79762896236354, "C": 0.0, "O": 0.0, "CB": 1.8233817949932833}, "MET": {"N": 1.8175717530614188, "CA": 1.616605674735045, "C": 0.0, "O": 0.0, "CB": 1.6103005643300927, "CG": 1.6181494812800925, "SD": 0.0, "CE": 1.687143080510228}, "HIS": {"N": 1.8759586513939075, "CA": 1.6637152982109902, "C": 0.0, "O": 0.0, "CB": 1.6755141786058818, "CG": 0.0, "ND1": 0.0, "CD2": 1.533129392210806, "CE1": 1.606242373533246, "NE2": 0.0}, "ASP": {"N": 1.880681546497611, "CA": 1.6746245590256226, "C": 0.0, "O": 0.0, "CB": 1.6667390158603843, "CG": 0.0, "OD1": 0.0, "OD2": 0.0}, "ASN": {"N": 1.8767418446576758, "CA": 1.663839790278063, "C": 0.0, "O": 0.0, "CB": 1.6631441821428568, "CG": 0.0, "OD1": 0.0, "ND2": 2.0898002394996205}, "TYR": {"N": 1.9742550895691815, "CA": 1.7606048027188328, "C": 0.0, "O": 0.0, "CB": 1.7823318942941948, "CG": 0.0, "CD1": 1.6194132248002109, "CD2": 1.6287799004862602, "CE1": 1.645541559295838, "CE2": 1.649704966827503, "CZ": 0.0, "OH": 2.1093802787318356}, "SER": {"N": 1.8601010465983188, "CA": 1.5732864144688998, "C": 0.0, "O": 0.0, "CB": 1.6016538986390827, "OG": 1.9815206262904028}, "TRP": {"N": 1.9433016276217046, "CA": 1.7264846524390238, "C": 0.0, "O": 0.0, "CB": 1.7462776289576225, "CG": 0.0, "CD1": 1.5735768454062742, "CD2": 0.0, "NE1": 2.053033123538581, "CE2": 0.0, "CE3": 1.5896832494153754, "CZ2": 1.6107246421778987, "CZ3": 1.610822962547547, "CH2": 1.6356169311421047}, "THR": {"N": 1.875498783284023, "CA": 1.6612927127868018, "C": 0.0, "O": 0.0, "CB": 1.6223975846132532, "OG1": 1.9817221027524137, "CG2": 1.7413652057683784}, "GLN": {"N": 1.7950343829071629, "CA": 1.6153663939460892, "C": 0.0, "O": 0.0, "CB": 1.6012735959274018, "CG": 1.6088876281680031, "CD": 0.0, "OE1": 0.0, "NE2": 2.0656480566218804}, "ILE": {"N": 1.9207306690433912, "CA": 1.722130908321158, "C": 0.0, "O": 0.0, "CB": 1.729965127875924, "CG1": 1.7147840475516918, "CG2": 1.7265103302532767, "CD1": 1.7508790659266342}, "PRO": {"N": 0.0, "CA": 1.733568596887256, "C": 0.0, "O": 0.0, "CB": 1.7567228606672929, "CG": 1.7726915477859997, "CD": 1.7255883916050005}, "GLC": {"C1": 0.0, "C2": 0.0, "C3": 0.0, "C4": 0.0, "C5": 0.0, "C6": 0.0, "O2": 0.0, "O3": 0.0, "O4": 0.0, "O5": 0.0, "O6": 0.0}, "BGC": {"C2": 0.0, "C3": 0.0, "C4": 0.0, "C5": 0.0, "C6": 0.0, "C1": 0.0, "O1": 0.0, "O2": 0.0, "O3": 0.0, "O4": 0.0, "O5": 0.0, "O6": 0.0}, "MTT": {"O14": 0.0, "C14": 0.0, "C13": 0.0, "O13": 0.0, "C12": 0.0, "O12": 0.0, "C11": 0.0, "C15": 0.0, "O15": 0.0, "C16": 0.0, "O16": 0.0, "O24": 0.0, "C24": 0.0, "C23": 0.0, "O23": 0.0, "C22": 0.0, "O22": 0.0, "C21": 0.0, "C25": 0.0, "O25": 0.0, "C26": 0.0, "O26": 0.0, "O34": 0.0, "C34": 0.0, "C33": 0.0, "O33": 0.0, "C32": 0.0, "O32": 0.0, "C31": 0.0, "C35": 0.0, "O35": 0.0, "C36": 0.0, "O36": 0.0, "O44": 0.0, "C44": 0.0, "C43": 0.0, "O43": 0.0, "C42": 0.0, "O42": 0.0, "C41": 0.0, "O41": 0.0, "C45": 0.0, "O45": 0.0, "C46": 0.0, "O46": 0.0}, "EDO": {"C1": 0.0, "O1": 0.0, "C2": 0.0, "O2": 0.0}, " NA": {"NA": 0.0}, "PO4": {"P": 0.0, "O1": 0.0, "O2": 0.0, "O3": 0.0, "O4": 0.0}, "GOL": {"C1": 0.0, "O1": 0.0, "C2": 0.0, "O2": 0.0, "C3": 0.0, "O3": 0.0}, "HOH": {"O": 0.0}}