{"H": 1.33418e+00, "C": 1.18354e+00, "N": 1.04985e+00, "O": 9.93450e-01}
